{
  "name": "puppetlabs-apt",
  "version": "4.4.1",
  "author": "Puppet Labs",
  "summary": "Provides an interface for managing Apt source, key, and definitions with Puppet",
  "license": "Apache-2.0",
  "source": "https://github.com/puppetlabs/puppetlabs-apt",
  "project_page": "https://github.com/puppetlabs/puppetlabs-apt",
  "issues_url": "https://tickets.puppetlabs.com/browse/MODULES",
  "dependencies": [
    {"name":"puppetlabs/stdlib","version_requirement":">= 4.16.0 < 5.0.0"}
  ],
  "data_provider": null,
  "operatingsystem_support": [
    {
      "operatingsystem": "Debian",
      "operatingsystemrelease": [
        "7",
        "8"
      ]
    },
    {
      "operatingsystem": "Ubuntu",
      "operatingsystemrelease": [
        "14.04",
        "16.04"
      ]
    }
  ],
  "requirements": [
    {
      "name": "puppet",
      "version_requirement": ">= 4.7.0 < 6.0.0"
    }
  ]
}
