{
  "Gemfile": "a388e0846458416f29c9cf4baa8af320",
  "LICENSE": "94f0b1430ad7e59227ccabf8232f81d5",
  "README.md": "d0aec6d398ead64d1ac6da44f09c5fbc",
  "Rakefile": "bd4e18fc0f2c4bc40fd75df89e3e5010",
  "manifests/init.pp": "f56afc36401dd3017980f348baa2fedf",
  "manifests/params.pp": "2211a7ff0df0c71b8adb56c0c4b597ac",
  "manifests/rpm_gpg_key.pp": "802b10226193de2fb5d8b5aebbd5d436",
  "metadata.json": "1b13a64a2adf016c2eb941068b8a653e",
  "spec/classes/epel_spec.rb": "53d44c8a9cdef0a2aa27263d05a6da6d",
  "spec/classes/shared_base.rb": "6be197dff5bc65e4b3badb16879a96e2",
  "spec/classes/shared_debuginfo.rb": "a80a6178b20f161e3906b683865aadec",
  "spec/classes/shared_gpgkey.rb": "5bedd11ebe5a50db5d3060a38f71528d",
  "spec/classes/shared_source.rb": "86737f027566b3371fc3919ff9d788c6",
  "spec/classes/shared_testing.rb": "87e00209bd6c86deae2dc2c8be475977",
  "spec/classes/shared_testing_debuginfo.rb": "fba1e80372166dc36f08ca3a962c2013",
  "spec/classes/shared_testing_source.rb": "875b0c9994ed6609c5e1b2d09071ebd1",
  "spec/defines/rpm_gpg_key_spec.rb": "172a1cb39a268c1aedf4f7093c29a37d",
  "spec/spec_helper.rb": "4e5486b3c8569c11fcd2bbd9fa3cfa1b",
  "spec/spec_helper_system.rb": "5cccf52dce8789724bc369c44d0ea41d",
  "spec/system/basic_spec.rb": "0f463b3b7ddbdd3bd8197ee62af2511c",
  "spec/system/usage_spec.rb": "f99923cea572719ff0af02ce82ac2610",
  "templates/RPM-GPG-KEY-EPEL-5.erb": "0466c259781def56dafe0a2cdc9de0c5",
  "templates/RPM-GPG-KEY-EPEL-6.erb": "d865e6b948a74cb03bc3401c0b01b785",
  "templates/RPM-GPG-KEY-EPEL-7.erb": "58fa8ae27c89f37b08429f04fd4a88cc",
  "tests/init.pp": "964d2df016bcb1c39760e8b32b6f1a0a"
}